id,title,score,num_comments,author,created_utc,url,upvote_ratio,over_18,edited,spoiler,stickied
1fk4fl9,"”This is a nice map, great work. Can we export it to excel?”",375,18,Garbage-kun,2024-09-18 21:39:52,https://i.redd.it/420y964i0npd1.jpeg,0.98,False,False,False,False
1fk5ek7,"Currently, what is the best API for web scraping large swaths of data?",39,24,Prior_Teaching_3903,2024-09-18 22:23:21,https://www.reddit.com/r/dataengineering/comments/1fk5ek7/currently_what_is_the_best_api_for_web_scraping/,0.99,False,False,False,False
1fkf0vm,Why Data in Enterprise Keeps Breaking,21,1,andras_gerlits,2024-09-19 07:14:14,https://itnext.io/why-data-in-enterprise-keeps-breaking-f51abab9c958,0.8,False,False,False,False
1fkeo4g,Optimizing Spark Jobs for Performance?,14,21,riya_techie,2024-09-19 06:47:29,https://www.reddit.com/r/dataengineering/comments/1fkeo4g/optimizing_spark_jobs_for_performance/,0.86,False,False,False,False
1fkma65,"Cheaper, Reliable Alternatives to Fivetran ",17,11,Nervous-Chain-5301,2024-09-19 14:31:00,https://www.reddit.com/r/dataengineering/comments/1fkma65/cheaper_reliable_alternatives_to_fivetran/,1.0,False,False,False,False
1fkfbew,Metabase plugin available for time-series data visualization,11,0,jeremy_feng,2024-09-19 07:37:48,https://www.reddit.com/r/dataengineering/comments/1fkfbew/metabase_plugin_available_for_timeseries_data/,1.0,False,False,False,False
1fknvgk,Experiences with migrating SQL to dbt.,6,2,arborealguy,2024-09-19 15:39:07,https://www.reddit.com/r/dataengineering/comments/1fknvgk/experiences_with_migrating_sql_to_dbt/,0.88,False,False,False,False
1fkj6z2,Is 750mb the lowest size of an executor in spark?,5,0,Lolitsmekonichiwa,2024-09-19 12:07:26,https://www.reddit.com/r/dataengineering/comments/1fkj6z2/is_750mb_the_lowest_size_of_an_executor_in_spark/,0.78,False,False,False,False
1fkhv6i,Is there a tool that can automatically track my bad queries and help me resolve them ?,5,0,k9_gollum,2024-09-19 10:49:47,https://www.reddit.com/r/dataengineering/comments/1fkhv6i/is_there_a_tool_that_can_automatically_track_my/,0.78,False,False,False,False
1fkmpz0,Looking for OLAP & ETL recommendations that work well with Metabase,6,4,100aesthetic,2024-09-19 14:50:24,https://www.reddit.com/r/dataengineering/comments/1fkmpz0/looking_for_olap_etl_recommendations_that_work/,0.88,False,False,False,False
1fkecqf,Upwork tips,2,1,gymbar19,2024-09-19 06:23:33,https://www.reddit.com/r/dataengineering/comments/1fkecqf/upwork_tips/,0.67,False,False,False,False
1fk98fd,AWS RDS to GCP Bigtable ETL,3,5,EltimSJayTusk,2024-09-19 01:27:56,https://www.reddit.com/r/dataengineering/comments/1fk98fd/aws_rds_to_gcp_bigtable_etl/,0.81,False,False,False,False
1fjxx5u,What's your experience with WAP (Write-Audit-Publish) pattern?,3,10,cpardl,2024-09-18 17:03:35,https://www.reddit.com/r/dataengineering/comments/1fjxx5u/whats_your_experience_with_wap_writeauditpublish/,0.81,False,False,False,False
1fkoy0e,Need advice on analysing 10k comments!,5,1,sdsd19,2024-09-19 16:23:41,https://www.reddit.com/r/dataengineering/comments/1fkoy0e/need_advice_on_analysing_10k_comments/,1.0,False,False,False,False
1fkox5y,Can you share your experience with Domo?,3,5,Shattered_Raven,2024-09-19 16:22:43,https://www.reddit.com/r/dataengineering/comments/1fkox5y/can_you_share_your_experience_with_domo/,0.8,False,False,False,False
1fkno45,Which kind of insert is better Async inserts to postgres vs Batch Insert,2,0,Ok-Board1144,2024-09-19 15:30:16,https://www.reddit.com/r/dataengineering/comments/1fkno45/which_kind_of_insert_is_better_async_inserts_to/,1.0,False,False,False,False
1fknceh,Has anyone used Polars with Delta tables in Databricks instead of PySpark?,2,0,vigg_1991,2024-09-19 15:16:28,https://www.reddit.com/r/dataengineering/comments/1fknceh/has_anyone_used_polars_with_delta_tables_in/,1.0,False,False,False,False
1fkn5zx,Hex Escape Sequence In Json String,2,2,cyb3r1tch,2024-09-19 15:08:57,https://www.reddit.com/r/dataengineering/comments/1fkn5zx/hex_escape_sequence_in_json_string/,0.76,False,False,False,False
1fkmby7,Need help in deciding the Architecture for Streaming data from Rest API,1,0,Altruistic-Fall-4319,2024-09-19 14:33:10,https://www.reddit.com/r/dataengineering/comments/1fkmby7/need_help_in_deciding_the_architecture_for/,0.6,False,True,False,False
1fkl35q,A Beginner's Guide to ClickHouse Database,2,0,kingabzpro,2024-09-19 13:39:05,https://www.kdnuggets.com/a-beginners-guide-to-clickhouse-database,0.67,False,False,False,False
1fkh7b9,Bytebase 2.23.0 - Database Schema Change and Version Control Tool for MySQL/PG/Oracle/MSSQL/Snowflake/Databricks/...,2,0,Adela_freedom,2024-09-19 10:04:11,https://www.bytebase.com/changelog/bytebase-2-23-0/,0.76,False,False,False,False
1fkav57,What's your exp with false positives or false negatives from Anomalo's automated data quality detection?,2,0,quantisan,2024-09-19 02:50:31,https://www.reddit.com/r/dataengineering/comments/1fkav57/whats_your_exp_with_false_positives_or_false/,0.76,False,False,False,False
1fk5g6q,Best way to storage images for offline use,2,2,Plus_Guava_2677,2024-09-18 22:25:23,https://www.reddit.com/r/dataengineering/comments/1fk5g6q/best_way_to_storage_images_for_offline_use/,0.76,False,False,False,False
1fk4vp2,Are technical take-home tests a reasonable request for a junior applicant?,1,30,Ashanrath,2024-09-18 21:59:48,https://www.reddit.com/r/dataengineering/comments/1fk4vp2/are_technical_takehome_tests_a_reasonable_request/,0.56,False,False,False,False
1fjycpz,Distribute automated/scheduled SQL reports to preferred channels and non-technical team members,2,1,CompetitiveCake3620,2024-09-18 17:21:49,https://www.reddit.com/r/dataengineering/comments/1fjycpz/distribute_automatedscheduled_sql_reports_to/,0.67,False,False,False,False
1fjy25d,Need help in understanding correlation between reserved and executor memory ,2,1,Lolitsmekonichiwa,2024-09-18 17:09:23,https://www.reddit.com/r/dataengineering/comments/1fjy25d/need_help_in_understanding_correlation_between/,0.76,False,False,False,False
1fkpuyn,"Creating AWS Athena Table from Pandas DataFrame
",3,1,Least_Breath77,2024-09-19 17:01:54,https://www.reddit.com/r/dataengineering/comments/1fkpuyn/creating_aws_athena_table_from_pandas_dataframe/,1.0,False,False,False,False
1fkpbkm,How to choose between a table vs view?,1,1,johnyjohnyespappa,2024-09-19 16:39:36,https://www.reddit.com/r/dataengineering/comments/1fkpbkm/how_to_choose_between_a_table_vs_view/,1.0,False,False,False,False
1fknd5k,"Why is the bit representation of a signed int taking the inverse of the bit sequence for negatives, given the left most bit already indicates positive or negative?",1,2,DuckDatum,2024-09-19 15:17:20,https://www.reddit.com/r/dataengineering/comments/1fknd5k/why_is_the_bit_representation_of_a_signed_int/,0.67,False,True,False,False
1fkls2t, Better solution for huge volumes data that has to be maintained for 15 years min,1,1,Evening_Mouse_9582,2024-09-19 14:09:06,https://www.reddit.com/r/dataengineering/comments/1fkls2t/better_solution_for_huge_volumes_data_that_has_to/,0.6,False,False,False,False
1fkkgag,Graduate degree options,1,1,bloodbound11,2024-09-19 13:09:37,https://www.reddit.com/r/dataengineering/comments/1fkkgag/graduate_degree_options/,0.67,False,False,False,False
1fkgz7l,AZ-900 Exam dumps,1,3,Physical_Shelter_285,2024-09-19 09:47:53,https://www.reddit.com/r/dataengineering/comments/1fkgz7l/az900_exam_dumps/,0.6,False,False,False,False
1fkcu7v,Recommend some courses,1,3,al8k,2024-09-19 04:44:14,https://www.reddit.com/r/dataengineering/comments/1fkcu7v/recommend_some_courses/,0.67,False,False,False,False
1fk0nuj,Moving away from MongoDB to something else for a structured query (text-to-SQL) chat app. Want opinions.,1,5,aghowl,2024-09-18 18:59:54,https://www.reddit.com/r/dataengineering/comments/1fk0nuj/moving_away_from_mongodb_to_something_else_for_a/,0.67,False,False,False,False
1fjz77d,Anyone using Salesforce Data cloud?,1,0,boogie_woogie_100,2024-09-18 17:57:56,https://www.reddit.com/r/dataengineering/comments/1fjz77d/anyone_using_salesforce_data_cloud/,0.6,False,False,False,False
1fk72qx,New Data Engineering Professional Certificate on  Coursera,0,2,Emotional-Story-4421,2024-09-18 23:42:15,https://www.reddit.com/r/dataengineering/comments/1fk72qx/new_data_engineering_professional_certificate_on/,0.5,False,False,False,False
1fkedf4,Hiring Curious Data Engineers Is Better Than Hired Experienced Data Engineers,0,19,ivanovyordan,2024-09-19 06:24:59,https://datagibberish.com/p/hiring-curious-data-engineers,0.42,False,False,False,False
